Age,User,Gender
56,a06e4574-f9de-11e9-8f3d-d43b041bfdb9,1
33,a06e4575-f9de-11e9-8f3d-d43b041bfdb9,0
24,a06e4576-f9de-11e9-8f3d-d43b041bfdb9,0
23,a06e4577-f9de-11e9-8f3d-d43b041bfdb9,0
67,a06e4578-f9de-11e9-8f3d-d43b041bfdb9,0
40,a06e4579-f9de-11e9-8f3d-d43b041bfdb9,1
13,a06e457a-f9de-11e9-8f3d-d43b041bfdb9,1
66,a06e457b-f9de-11e9-8f3d-d43b041bfdb9,0
64,a06e457c-f9de-11e9-8f3d-d43b041bfdb9,1
34,a06e457d-f9de-11e9-8f3d-d43b041bfdb9,1
96,a06e457e-f9de-11e9-8f3d-d43b041bfdb9,1
28,a06e457f-f9de-11e9-8f3d-d43b041bfdb9,1
92,a06e4580-f9de-11e9-8f3d-d43b041bfdb9,1
43,a06e4581-f9de-11e9-8f3d-d43b041bfdb9,1
33,a06e4582-f9de-11e9-8f3d-d43b041bfdb9,0
79,a06e4583-f9de-11e9-8f3d-d43b041bfdb9,1
39,a06e4584-f9de-11e9-8f3d-d43b041bfdb9,1
30,a06e4585-f9de-11e9-8f3d-d43b041bfdb9,0
67,a06e4586-f9de-11e9-8f3d-d43b041bfdb9,1
59,a06e4587-f9de-11e9-8f3d-d43b041bfdb9,1
87,a06e4588-f9de-11e9-8f3d-d43b041bfdb9,1
83,a06e4589-f9de-11e9-8f3d-d43b041bfdb9,1
42,a06e458a-f9de-11e9-8f3d-d43b041bfdb9,0
40,a06e458b-f9de-11e9-8f3d-d43b041bfdb9,1
14,a06e458c-f9de-11e9-8f3d-d43b041bfdb9,1
26,a06e458d-f9de-11e9-8f3d-d43b041bfdb9,0
47,a06e458e-f9de-11e9-8f3d-d43b041bfdb9,0
69,a06e458f-f9de-11e9-8f3d-d43b041bfdb9,0
26,a06e4590-f9de-11e9-8f3d-d43b041bfdb9,1
17,a06e4591-f9de-11e9-8f3d-d43b041bfdb9,0
62,a06e4592-f9de-11e9-8f3d-d43b041bfdb9,1
80,a06e4593-f9de-11e9-8f3d-d43b041bfdb9,1
63,a06e4594-f9de-11e9-8f3d-d43b041bfdb9,0
82,a06e4595-f9de-11e9-8f3d-d43b041bfdb9,0
80,a06e4596-f9de-11e9-8f3d-d43b041bfdb9,0
28,a06e4597-f9de-11e9-8f3d-d43b041bfdb9,0
22,a06e4598-f9de-11e9-8f3d-d43b041bfdb9,1
40,a06e4599-f9de-11e9-8f3d-d43b041bfdb9,0
54,a06e459a-f9de-11e9-8f3d-d43b041bfdb9,0
93,a06e459b-f9de-11e9-8f3d-d43b041bfdb9,1
98,a06e459c-f9de-11e9-8f3d-d43b041bfdb9,1
29,a06e459d-f9de-11e9-8f3d-d43b041bfdb9,0
38,a06e459e-f9de-11e9-8f3d-d43b041bfdb9,1
50,a06e459f-f9de-11e9-8f3d-d43b041bfdb9,0
85,a06e45a0-f9de-11e9-8f3d-d43b041bfdb9,0
19,a06e45a1-f9de-11e9-8f3d-d43b041bfdb9,0
39,a06e45a2-f9de-11e9-8f3d-d43b041bfdb9,0
56,a06e45a3-f9de-11e9-8f3d-d43b041bfdb9,1
19,a06e45a4-f9de-11e9-8f3d-d43b041bfdb9,0
35,a06e45a5-f9de-11e9-8f3d-d43b041bfdb9,1
15,a06e45a6-f9de-11e9-8f3d-d43b041bfdb9,0
57,a06e45a7-f9de-11e9-8f3d-d43b041bfdb9,1
14,a06e45a8-f9de-11e9-8f3d-d43b041bfdb9,0
80,a06e45a9-f9de-11e9-8f3d-d43b041bfdb9,1
77,a06e45aa-f9de-11e9-8f3d-d43b041bfdb9,0
18,a06e45ab-f9de-11e9-8f3d-d43b041bfdb9,0
27,a06e45ac-f9de-11e9-8f3d-d43b041bfdb9,0
39,a06e45ad-f9de-11e9-8f3d-d43b041bfdb9,0
71,a06e45ae-f9de-11e9-8f3d-d43b041bfdb9,1
16,a06e45af-f9de-11e9-8f3d-d43b041bfdb9,1
35,a06e45b0-f9de-11e9-8f3d-d43b041bfdb9,1
31,a06e45b1-f9de-11e9-8f3d-d43b041bfdb9,1
96,a06e45b2-f9de-11e9-8f3d-d43b041bfdb9,0
65,a06e45b3-f9de-11e9-8f3d-d43b041bfdb9,0
73,a06e45b4-f9de-11e9-8f3d-d43b041bfdb9,0
24,a06e45b5-f9de-11e9-8f3d-d43b041bfdb9,0
37,a06e45b6-f9de-11e9-8f3d-d43b041bfdb9,1
49,a06e45b7-f9de-11e9-8f3d-d43b041bfdb9,1
30,a06e45b8-f9de-11e9-8f3d-d43b041bfdb9,0
46,a06e45b9-f9de-11e9-8f3d-d43b041bfdb9,0
23,a06e45ba-f9de-11e9-8f3d-d43b041bfdb9,0
46,a06e45bb-f9de-11e9-8f3d-d43b041bfdb9,1
65,a06e45bc-f9de-11e9-8f3d-d43b041bfdb9,0
62,a06e45bd-f9de-11e9-8f3d-d43b041bfdb9,1
29,a06e45be-f9de-11e9-8f3d-d43b041bfdb9,0
91,a06e45bf-f9de-11e9-8f3d-d43b041bfdb9,1
46,a06e45c0-f9de-11e9-8f3d-d43b041bfdb9,1
75,a06e45c1-f9de-11e9-8f3d-d43b041bfdb9,0
46,a06e45c2-f9de-11e9-8f3d-d43b041bfdb9,1
92,a06e45c3-f9de-11e9-8f3d-d43b041bfdb9,0
96,a06e45c4-f9de-11e9-8f3d-d43b041bfdb9,1
92,a06e45c5-f9de-11e9-8f3d-d43b041bfdb9,0
16,a06e45c6-f9de-11e9-8f3d-d43b041bfdb9,1
77,a06e45c7-f9de-11e9-8f3d-d43b041bfdb9,0
27,a06e45c8-f9de-11e9-8f3d-d43b041bfdb9,0
74,a06e45c9-f9de-11e9-8f3d-d43b041bfdb9,0
89,a06e45ca-f9de-11e9-8f3d-d43b041bfdb9,1
18,a06e45cb-f9de-11e9-8f3d-d43b041bfdb9,0
34,a06e45cc-f9de-11e9-8f3d-d43b041bfdb9,1
58,a06e45cd-f9de-11e9-8f3d-d43b041bfdb9,0
58,a06e45ce-f9de-11e9-8f3d-d43b041bfdb9,1
76,a06e45cf-f9de-11e9-8f3d-d43b041bfdb9,1
69,a06e45d0-f9de-11e9-8f3d-d43b041bfdb9,0
41,a06e45d1-f9de-11e9-8f3d-d43b041bfdb9,0
98,a06e45d2-f9de-11e9-8f3d-d43b041bfdb9,0
39,a06e45d3-f9de-11e9-8f3d-d43b041bfdb9,0
44,a06e45d4-f9de-11e9-8f3d-d43b041bfdb9,0
21,a06e45d5-f9de-11e9-8f3d-d43b041bfdb9,1
98,a06e45d6-f9de-11e9-8f3d-d43b041bfdb9,0
41,a06e45d7-f9de-11e9-8f3d-d43b041bfdb9,0
24,a06e45d8-f9de-11e9-8f3d-d43b041bfdb9,0
85,a06e45d9-f9de-11e9-8f3d-d43b041bfdb9,0
25,a06e45da-f9de-11e9-8f3d-d43b041bfdb9,1
43,a06e45db-f9de-11e9-8f3d-d43b041bfdb9,0
38,a06e45dc-f9de-11e9-8f3d-d43b041bfdb9,0
41,a06e45dd-f9de-11e9-8f3d-d43b041bfdb9,1
70,a06e45de-f9de-11e9-8f3d-d43b041bfdb9,1
44,a06e45df-f9de-11e9-8f3d-d43b041bfdb9,0
13,a06e45e0-f9de-11e9-8f3d-d43b041bfdb9,0
60,a06e45e1-f9de-11e9-8f3d-d43b041bfdb9,1
79,a06e45e2-f9de-11e9-8f3d-d43b041bfdb9,1
63,a06e45e3-f9de-11e9-8f3d-d43b041bfdb9,0
50,a06e45e4-f9de-11e9-8f3d-d43b041bfdb9,1
60,a06e45e5-f9de-11e9-8f3d-d43b041bfdb9,1
87,a06e45e6-f9de-11e9-8f3d-d43b041bfdb9,0
29,a06e45e7-f9de-11e9-8f3d-d43b041bfdb9,0
89,a06e45e8-f9de-11e9-8f3d-d43b041bfdb9,1
29,a06e45e9-f9de-11e9-8f3d-d43b041bfdb9,1
13,a06e45ea-f9de-11e9-8f3d-d43b041bfdb9,1
17,a06e45eb-f9de-11e9-8f3d-d43b041bfdb9,0
77,a06e45ec-f9de-11e9-8f3d-d43b041bfdb9,1
90,a06e45ed-f9de-11e9-8f3d-d43b041bfdb9,1
44,a06e45ee-f9de-11e9-8f3d-d43b041bfdb9,0
70,a06e45ef-f9de-11e9-8f3d-d43b041bfdb9,0
69,a06e45f0-f9de-11e9-8f3d-d43b041bfdb9,1
90,a06e45f1-f9de-11e9-8f3d-d43b041bfdb9,0
61,a06e45f2-f9de-11e9-8f3d-d43b041bfdb9,0
50,a06e45f3-f9de-11e9-8f3d-d43b041bfdb9,1
22,a06e45f4-f9de-11e9-8f3d-d43b041bfdb9,1
64,a06e45f5-f9de-11e9-8f3d-d43b041bfdb9,1
48,a06e45f6-f9de-11e9-8f3d-d43b041bfdb9,0
54,a06e45f7-f9de-11e9-8f3d-d43b041bfdb9,1
55,a06e45f8-f9de-11e9-8f3d-d43b041bfdb9,0
93,a06e45f9-f9de-11e9-8f3d-d43b041bfdb9,0
80,a06e45fa-f9de-11e9-8f3d-d43b041bfdb9,1
37,a06e45fb-f9de-11e9-8f3d-d43b041bfdb9,1
23,a06e45fc-f9de-11e9-8f3d-d43b041bfdb9,0
43,a06e45fd-f9de-11e9-8f3d-d43b041bfdb9,0
36,a06e45fe-f9de-11e9-8f3d-d43b041bfdb9,1
70,a06e45ff-f9de-11e9-8f3d-d43b041bfdb9,1
52,a06e4600-f9de-11e9-8f3d-d43b041bfdb9,0
34,a06e4601-f9de-11e9-8f3d-d43b041bfdb9,1
17,a06e4602-f9de-11e9-8f3d-d43b041bfdb9,1
82,a06e4603-f9de-11e9-8f3d-d43b041bfdb9,1
97,a06e4604-f9de-11e9-8f3d-d43b041bfdb9,0
67,a06e4605-f9de-11e9-8f3d-d43b041bfdb9,0
97,a06e4606-f9de-11e9-8f3d-d43b041bfdb9,1
69,a06e4607-f9de-11e9-8f3d-d43b041bfdb9,1
73,a06e4608-f9de-11e9-8f3d-d43b041bfdb9,1
69,a06e4609-f9de-11e9-8f3d-d43b041bfdb9,1
32,a06e460a-f9de-11e9-8f3d-d43b041bfdb9,1
30,a06e460b-f9de-11e9-8f3d-d43b041bfdb9,1
49,a06e460c-f9de-11e9-8f3d-d43b041bfdb9,0
73,a06e460d-f9de-11e9-8f3d-d43b041bfdb9,1
33,a06e460e-f9de-11e9-8f3d-d43b041bfdb9,0
46,a06e460f-f9de-11e9-8f3d-d43b041bfdb9,0
52,a06e4610-f9de-11e9-8f3d-d43b041bfdb9,1
15,a06e4611-f9de-11e9-8f3d-d43b041bfdb9,1
31,a06e4612-f9de-11e9-8f3d-d43b041bfdb9,0
29,a06e4613-f9de-11e9-8f3d-d43b041bfdb9,1
67,a06e4614-f9de-11e9-8f3d-d43b041bfdb9,0
82,a06e4615-f9de-11e9-8f3d-d43b041bfdb9,0
27,a06e4616-f9de-11e9-8f3d-d43b041bfdb9,0
18,a06e4617-f9de-11e9-8f3d-d43b041bfdb9,0
85,a06e4618-f9de-11e9-8f3d-d43b041bfdb9,1
96,a06e4619-f9de-11e9-8f3d-d43b041bfdb9,1
16,a06e461a-f9de-11e9-8f3d-d43b041bfdb9,1
37,a06e461b-f9de-11e9-8f3d-d43b041bfdb9,1
98,a06e461c-f9de-11e9-8f3d-d43b041bfdb9,1
77,a06e461d-f9de-11e9-8f3d-d43b041bfdb9,1
36,a06e461e-f9de-11e9-8f3d-d43b041bfdb9,0
40,a06e461f-f9de-11e9-8f3d-d43b041bfdb9,0
35,a06e4620-f9de-11e9-8f3d-d43b041bfdb9,0
14,a06e4621-f9de-11e9-8f3d-d43b041bfdb9,0
55,a06e4622-f9de-11e9-8f3d-d43b041bfdb9,0
13,a06e4623-f9de-11e9-8f3d-d43b041bfdb9,0
18,a06e4624-f9de-11e9-8f3d-d43b041bfdb9,1
49,a06e4625-f9de-11e9-8f3d-d43b041bfdb9,0
57,a06e4626-f9de-11e9-8f3d-d43b041bfdb9,1
29,a06e4627-f9de-11e9-8f3d-d43b041bfdb9,1
93,a06e4628-f9de-11e9-8f3d-d43b041bfdb9,0
58,a06e4629-f9de-11e9-8f3d-d43b041bfdb9,0
77,a06e462a-f9de-11e9-8f3d-d43b041bfdb9,0
86,a06e462b-f9de-11e9-8f3d-d43b041bfdb9,1
82,a06e462c-f9de-11e9-8f3d-d43b041bfdb9,1
57,a06e462d-f9de-11e9-8f3d-d43b041bfdb9,0
97,a06e462e-f9de-11e9-8f3d-d43b041bfdb9,0
71,a06e462f-f9de-11e9-8f3d-d43b041bfdb9,1
61,a06e4630-f9de-11e9-8f3d-d43b041bfdb9,1
91,a06e4631-f9de-11e9-8f3d-d43b041bfdb9,1
23,a06e4632-f9de-11e9-8f3d-d43b041bfdb9,1
69,a06e4633-f9de-11e9-8f3d-d43b041bfdb9,0
34,a06e4634-f9de-11e9-8f3d-d43b041bfdb9,0
43,a06e4635-f9de-11e9-8f3d-d43b041bfdb9,1
47,a06e4636-f9de-11e9-8f3d-d43b041bfdb9,0
93,a06e4637-f9de-11e9-8f3d-d43b041bfdb9,0
66,a06e4638-f9de-11e9-8f3d-d43b041bfdb9,1
94,a06e4639-f9de-11e9-8f3d-d43b041bfdb9,1
42,a06e463a-f9de-11e9-8f3d-d43b041bfdb9,1
31,a06e463b-f9de-11e9-8f3d-d43b041bfdb9,0
84,a06e463c-f9de-11e9-8f3d-d43b041bfdb9,0
13,a06e463d-f9de-11e9-8f3d-d43b041bfdb9,0
75,a06e463e-f9de-11e9-8f3d-d43b041bfdb9,0
22,a06e463f-f9de-11e9-8f3d-d43b041bfdb9,0
25,a06e4640-f9de-11e9-8f3d-d43b041bfdb9,0
92,a06e4641-f9de-11e9-8f3d-d43b041bfdb9,1
62,a06e4642-f9de-11e9-8f3d-d43b041bfdb9,1
61,a06e4643-f9de-11e9-8f3d-d43b041bfdb9,1
30,a06e4644-f9de-11e9-8f3d-d43b041bfdb9,1
43,a06e4645-f9de-11e9-8f3d-d43b041bfdb9,0
51,a06e4646-f9de-11e9-8f3d-d43b041bfdb9,0
46,a06e4647-f9de-11e9-8f3d-d43b041bfdb9,1
58,a06e4648-f9de-11e9-8f3d-d43b041bfdb9,0
41,a06e4649-f9de-11e9-8f3d-d43b041bfdb9,0
66,a06e464a-f9de-11e9-8f3d-d43b041bfdb9,0
86,a06e464b-f9de-11e9-8f3d-d43b041bfdb9,1
35,a06e464c-f9de-11e9-8f3d-d43b041bfdb9,1
91,a06e464d-f9de-11e9-8f3d-d43b041bfdb9,0
15,a06e464e-f9de-11e9-8f3d-d43b041bfdb9,1
43,a06e464f-f9de-11e9-8f3d-d43b041bfdb9,0
97,a06e4650-f9de-11e9-8f3d-d43b041bfdb9,1
41,a06e4651-f9de-11e9-8f3d-d43b041bfdb9,0
47,a06e4652-f9de-11e9-8f3d-d43b041bfdb9,0
29,a06e4653-f9de-11e9-8f3d-d43b041bfdb9,1
18,a06e4654-f9de-11e9-8f3d-d43b041bfdb9,1
90,a06e4655-f9de-11e9-8f3d-d43b041bfdb9,1
24,a06e4656-f9de-11e9-8f3d-d43b041bfdb9,1
67,a06e4657-f9de-11e9-8f3d-d43b041bfdb9,1
53,a06e4658-f9de-11e9-8f3d-d43b041bfdb9,0
39,a06e4659-f9de-11e9-8f3d-d43b041bfdb9,0
17,a06e465a-f9de-11e9-8f3d-d43b041bfdb9,1
45,a06e465b-f9de-11e9-8f3d-d43b041bfdb9,0
91,a06e465c-f9de-11e9-8f3d-d43b041bfdb9,0
21,a06e465d-f9de-11e9-8f3d-d43b041bfdb9,0
91,a06e465e-f9de-11e9-8f3d-d43b041bfdb9,1
34,a06e465f-f9de-11e9-8f3d-d43b041bfdb9,1
90,a06e4660-f9de-11e9-8f3d-d43b041bfdb9,1
53,a06e4661-f9de-11e9-8f3d-d43b041bfdb9,1
25,a06e4662-f9de-11e9-8f3d-d43b041bfdb9,0
67,a06e4663-f9de-11e9-8f3d-d43b041bfdb9,1
28,a06e4664-f9de-11e9-8f3d-d43b041bfdb9,0
16,a06e4665-f9de-11e9-8f3d-d43b041bfdb9,1
20,a06e4666-f9de-11e9-8f3d-d43b041bfdb9,1
63,a06e4667-f9de-11e9-8f3d-d43b041bfdb9,1
48,a06e4668-f9de-11e9-8f3d-d43b041bfdb9,0
27,a06e4669-f9de-11e9-8f3d-d43b041bfdb9,0
27,a06e466a-f9de-11e9-8f3d-d43b041bfdb9,1
97,a06e466b-f9de-11e9-8f3d-d43b041bfdb9,0
33,a06e466c-f9de-11e9-8f3d-d43b041bfdb9,1
13,a06e466d-f9de-11e9-8f3d-d43b041bfdb9,1
38,a06e466e-f9de-11e9-8f3d-d43b041bfdb9,1
33,a06e466f-f9de-11e9-8f3d-d43b041bfdb9,0
92,a06e4670-f9de-11e9-8f3d-d43b041bfdb9,1
92,a06e4671-f9de-11e9-8f3d-d43b041bfdb9,1
86,a06e4672-f9de-11e9-8f3d-d43b041bfdb9,0
79,a06e4673-f9de-11e9-8f3d-d43b041bfdb9,1
71,a06e4674-f9de-11e9-8f3d-d43b041bfdb9,1
82,a06e4675-f9de-11e9-8f3d-d43b041bfdb9,1
83,a06e4676-f9de-11e9-8f3d-d43b041bfdb9,0
14,a06e4677-f9de-11e9-8f3d-d43b041bfdb9,1
33,a06e4678-f9de-11e9-8f3d-d43b041bfdb9,0
89,a06e4679-f9de-11e9-8f3d-d43b041bfdb9,0
71,a06e467a-f9de-11e9-8f3d-d43b041bfdb9,1
36,a06e467b-f9de-11e9-8f3d-d43b041bfdb9,0
56,a06e467c-f9de-11e9-8f3d-d43b041bfdb9,1
29,a06e467d-f9de-11e9-8f3d-d43b041bfdb9,0
86,a06e467e-f9de-11e9-8f3d-d43b041bfdb9,1
29,a06e467f-f9de-11e9-8f3d-d43b041bfdb9,1
63,a06e4680-f9de-11e9-8f3d-d43b041bfdb9,0
15,a06e4681-f9de-11e9-8f3d-d43b041bfdb9,1
52,a06e4682-f9de-11e9-8f3d-d43b041bfdb9,0
17,a06e4683-f9de-11e9-8f3d-d43b041bfdb9,0
65,a06e4684-f9de-11e9-8f3d-d43b041bfdb9,0
13,a06e4685-f9de-11e9-8f3d-d43b041bfdb9,1
78,a06e4686-f9de-11e9-8f3d-d43b041bfdb9,1
52,a06e4687-f9de-11e9-8f3d-d43b041bfdb9,0
57,a06e4688-f9de-11e9-8f3d-d43b041bfdb9,0
32,a06e4689-f9de-11e9-8f3d-d43b041bfdb9,1
48,a06e468a-f9de-11e9-8f3d-d43b041bfdb9,1
87,a06e468b-f9de-11e9-8f3d-d43b041bfdb9,0
33,a06e468c-f9de-11e9-8f3d-d43b041bfdb9,1
29,a06e468d-f9de-11e9-8f3d-d43b041bfdb9,0
65,a06e468e-f9de-11e9-8f3d-d43b041bfdb9,1
33,a06e468f-f9de-11e9-8f3d-d43b041bfdb9,0
16,a06e4690-f9de-11e9-8f3d-d43b041bfdb9,1
14,a06e4691-f9de-11e9-8f3d-d43b041bfdb9,1
45,a06e4692-f9de-11e9-8f3d-d43b041bfdb9,0
93,a06e4693-f9de-11e9-8f3d-d43b041bfdb9,0
35,a06e4694-f9de-11e9-8f3d-d43b041bfdb9,0
39,a06e4695-f9de-11e9-8f3d-d43b041bfdb9,1
87,a06e4696-f9de-11e9-8f3d-d43b041bfdb9,0
63,a06e4697-f9de-11e9-8f3d-d43b041bfdb9,1
28,a06e4698-f9de-11e9-8f3d-d43b041bfdb9,1
94,a06e4699-f9de-11e9-8f3d-d43b041bfdb9,1
39,a06e469a-f9de-11e9-8f3d-d43b041bfdb9,1
75,a06e469b-f9de-11e9-8f3d-d43b041bfdb9,1
92,a06e469c-f9de-11e9-8f3d-d43b041bfdb9,1
45,a06e469d-f9de-11e9-8f3d-d43b041bfdb9,1
60,a06e469e-f9de-11e9-8f3d-d43b041bfdb9,0
23,a06e469f-f9de-11e9-8f3d-d43b041bfdb9,0
76,a06e46a0-f9de-11e9-8f3d-d43b041bfdb9,0
56,a06e46a1-f9de-11e9-8f3d-d43b041bfdb9,1
97,a06e46a2-f9de-11e9-8f3d-d43b041bfdb9,1
66,a06e46a3-f9de-11e9-8f3d-d43b041bfdb9,0
46,a06e46a4-f9de-11e9-8f3d-d43b041bfdb9,0
89,a06e46a5-f9de-11e9-8f3d-d43b041bfdb9,0
64,a06e46a6-f9de-11e9-8f3d-d43b041bfdb9,0
76,a06e46a7-f9de-11e9-8f3d-d43b041bfdb9,0
35,a06e46a8-f9de-11e9-8f3d-d43b041bfdb9,1
63,a06e46a9-f9de-11e9-8f3d-d43b041bfdb9,0
97,a06e46aa-f9de-11e9-8f3d-d43b041bfdb9,1
47,a06e46ab-f9de-11e9-8f3d-d43b041bfdb9,1
80,a06e46ac-f9de-11e9-8f3d-d43b041bfdb9,1
60,a06e46ad-f9de-11e9-8f3d-d43b041bfdb9,0
39,a06e46ae-f9de-11e9-8f3d-d43b041bfdb9,1
59,a06e46af-f9de-11e9-8f3d-d43b041bfdb9,0
73,a06e46b0-f9de-11e9-8f3d-d43b041bfdb9,0
14,a06e46b1-f9de-11e9-8f3d-d43b041bfdb9,1
72,a06e46b2-f9de-11e9-8f3d-d43b041bfdb9,0
35,a06e46b3-f9de-11e9-8f3d-d43b041bfdb9,1
82,a06e46b4-f9de-11e9-8f3d-d43b041bfdb9,1
28,a06e46b5-f9de-11e9-8f3d-d43b041bfdb9,1
36,a06e46b6-f9de-11e9-8f3d-d43b041bfdb9,1
20,a06e46b7-f9de-11e9-8f3d-d43b041bfdb9,1
72,a06e46b8-f9de-11e9-8f3d-d43b041bfdb9,1
67,a06e46b9-f9de-11e9-8f3d-d43b041bfdb9,1
41,a06e46ba-f9de-11e9-8f3d-d43b041bfdb9,1
91,a06e46bb-f9de-11e9-8f3d-d43b041bfdb9,0
79,a06e46bc-f9de-11e9-8f3d-d43b041bfdb9,1
48,a06e46bd-f9de-11e9-8f3d-d43b041bfdb9,1
44,a06e46be-f9de-11e9-8f3d-d43b041bfdb9,0
47,a06e46bf-f9de-11e9-8f3d-d43b041bfdb9,1
61,a06e46c0-f9de-11e9-8f3d-d43b041bfdb9,0
37,a06e46c1-f9de-11e9-8f3d-d43b041bfdb9,1
44,a06e46c2-f9de-11e9-8f3d-d43b041bfdb9,0
94,a06e46c3-f9de-11e9-8f3d-d43b041bfdb9,1
42,a06e46c4-f9de-11e9-8f3d-d43b041bfdb9,0
91,a06e46c5-f9de-11e9-8f3d-d43b041bfdb9,1
33,a06e46c6-f9de-11e9-8f3d-d43b041bfdb9,0
31,a06e46c7-f9de-11e9-8f3d-d43b041bfdb9,1
95,a06e46c8-f9de-11e9-8f3d-d43b041bfdb9,0
72,a06e46c9-f9de-11e9-8f3d-d43b041bfdb9,0
74,a06e46ca-f9de-11e9-8f3d-d43b041bfdb9,0
54,a06e46cb-f9de-11e9-8f3d-d43b041bfdb9,1
47,a06e46cc-f9de-11e9-8f3d-d43b041bfdb9,1
91,a06e46cd-f9de-11e9-8f3d-d43b041bfdb9,1
83,a06e46ce-f9de-11e9-8f3d-d43b041bfdb9,0
86,a06e46cf-f9de-11e9-8f3d-d43b041bfdb9,1
69,a06e46d0-f9de-11e9-8f3d-d43b041bfdb9,0
55,a06e46d1-f9de-11e9-8f3d-d43b041bfdb9,0
27,a06e46d2-f9de-11e9-8f3d-d43b041bfdb9,1
15,a06e46d3-f9de-11e9-8f3d-d43b041bfdb9,1
94,a06e46d4-f9de-11e9-8f3d-d43b041bfdb9,0
75,a06e46d5-f9de-11e9-8f3d-d43b041bfdb9,0
68,a06e46d6-f9de-11e9-8f3d-d43b041bfdb9,1
75,a06e46d7-f9de-11e9-8f3d-d43b041bfdb9,1
76,a06e46d8-f9de-11e9-8f3d-d43b041bfdb9,1
95,a06e46d9-f9de-11e9-8f3d-d43b041bfdb9,0
18,a06e46da-f9de-11e9-8f3d-d43b041bfdb9,1
14,a06e46db-f9de-11e9-8f3d-d43b041bfdb9,0
66,a06e46dc-f9de-11e9-8f3d-d43b041bfdb9,0
50,a06e46dd-f9de-11e9-8f3d-d43b041bfdb9,1
16,a06e46de-f9de-11e9-8f3d-d43b041bfdb9,1
66,a06e46df-f9de-11e9-8f3d-d43b041bfdb9,0
17,a06e46e0-f9de-11e9-8f3d-d43b041bfdb9,0
87,a06e46e1-f9de-11e9-8f3d-d43b041bfdb9,1
96,a06e46e2-f9de-11e9-8f3d-d43b041bfdb9,0
47,a06e46e3-f9de-11e9-8f3d-d43b041bfdb9,1
31,a06e46e4-f9de-11e9-8f3d-d43b041bfdb9,1
19,a06e46e5-f9de-11e9-8f3d-d43b041bfdb9,1
31,a06e46e6-f9de-11e9-8f3d-d43b041bfdb9,0
54,a06e46e7-f9de-11e9-8f3d-d43b041bfdb9,0
94,a06e46e8-f9de-11e9-8f3d-d43b041bfdb9,0
97,a06e46e9-f9de-11e9-8f3d-d43b041bfdb9,1
76,a06e46ea-f9de-11e9-8f3d-d43b041bfdb9,1
53,a06e46eb-f9de-11e9-8f3d-d43b041bfdb9,0
33,a06e46ec-f9de-11e9-8f3d-d43b041bfdb9,0
58,a06e46ed-f9de-11e9-8f3d-d43b041bfdb9,1
86,a06e46ee-f9de-11e9-8f3d-d43b041bfdb9,0
51,a06e46ef-f9de-11e9-8f3d-d43b041bfdb9,1
17,a06e46f0-f9de-11e9-8f3d-d43b041bfdb9,0
67,a06e46f1-f9de-11e9-8f3d-d43b041bfdb9,0
64,a06e46f2-f9de-11e9-8f3d-d43b041bfdb9,1
47,a06e46f3-f9de-11e9-8f3d-d43b041bfdb9,0
96,a06e46f4-f9de-11e9-8f3d-d43b041bfdb9,0
69,a06e46f5-f9de-11e9-8f3d-d43b041bfdb9,1
96,a06e46f6-f9de-11e9-8f3d-d43b041bfdb9,0
61,a06e46f7-f9de-11e9-8f3d-d43b041bfdb9,0
76,a06e46f8-f9de-11e9-8f3d-d43b041bfdb9,1
32,a06e46f9-f9de-11e9-8f3d-d43b041bfdb9,1
21,a06e46fa-f9de-11e9-8f3d-d43b041bfdb9,1
15,a06e46fb-f9de-11e9-8f3d-d43b041bfdb9,0
76,a06e46fc-f9de-11e9-8f3d-d43b041bfdb9,1
81,a06e46fd-f9de-11e9-8f3d-d43b041bfdb9,0
52,a06e46fe-f9de-11e9-8f3d-d43b041bfdb9,1
36,a06e46ff-f9de-11e9-8f3d-d43b041bfdb9,0
75,a06e4700-f9de-11e9-8f3d-d43b041bfdb9,0
21,a06e4701-f9de-11e9-8f3d-d43b041bfdb9,0
97,a06e4702-f9de-11e9-8f3d-d43b041bfdb9,1
52,a06e4703-f9de-11e9-8f3d-d43b041bfdb9,0
96,a06e4704-f9de-11e9-8f3d-d43b041bfdb9,0
36,a06e4705-f9de-11e9-8f3d-d43b041bfdb9,1
80,a06e4706-f9de-11e9-8f3d-d43b041bfdb9,1
91,a06e4707-f9de-11e9-8f3d-d43b041bfdb9,1
89,a06e4708-f9de-11e9-8f3d-d43b041bfdb9,1
36,a06e4709-f9de-11e9-8f3d-d43b041bfdb9,0
53,a06e470a-f9de-11e9-8f3d-d43b041bfdb9,0
96,a06e470b-f9de-11e9-8f3d-d43b041bfdb9,0
38,a06e470c-f9de-11e9-8f3d-d43b041bfdb9,1
32,a06e470d-f9de-11e9-8f3d-d43b041bfdb9,0
50,a06e470e-f9de-11e9-8f3d-d43b041bfdb9,1
43,a06e470f-f9de-11e9-8f3d-d43b041bfdb9,0
91,a06e4710-f9de-11e9-8f3d-d43b041bfdb9,1
76,a06e4711-f9de-11e9-8f3d-d43b041bfdb9,0
35,a06e4712-f9de-11e9-8f3d-d43b041bfdb9,0
22,a06e4713-f9de-11e9-8f3d-d43b041bfdb9,0
24,a06e4714-f9de-11e9-8f3d-d43b041bfdb9,1
88,a06e4715-f9de-11e9-8f3d-d43b041bfdb9,0
17,a06e4716-f9de-11e9-8f3d-d43b041bfdb9,0
53,a06e4717-f9de-11e9-8f3d-d43b041bfdb9,1
81,a06e4718-f9de-11e9-8f3d-d43b041bfdb9,0
31,a06e4719-f9de-11e9-8f3d-d43b041bfdb9,0
89,a06e471a-f9de-11e9-8f3d-d43b041bfdb9,0
66,a06e471b-f9de-11e9-8f3d-d43b041bfdb9,0
57,a06e471c-f9de-11e9-8f3d-d43b041bfdb9,0
74,a06e471d-f9de-11e9-8f3d-d43b041bfdb9,0
37,a06e471e-f9de-11e9-8f3d-d43b041bfdb9,0
49,a06e471f-f9de-11e9-8f3d-d43b041bfdb9,1
35,a06e4720-f9de-11e9-8f3d-d43b041bfdb9,0
75,a06e4721-f9de-11e9-8f3d-d43b041bfdb9,0
85,a06e4722-f9de-11e9-8f3d-d43b041bfdb9,0
31,a06e4723-f9de-11e9-8f3d-d43b041bfdb9,0
54,a06e4724-f9de-11e9-8f3d-d43b041bfdb9,1
86,a06e4725-f9de-11e9-8f3d-d43b041bfdb9,0
63,a06e4726-f9de-11e9-8f3d-d43b041bfdb9,0
82,a06e4727-f9de-11e9-8f3d-d43b041bfdb9,0
58,a06e4728-f9de-11e9-8f3d-d43b041bfdb9,0
81,a06e4729-f9de-11e9-8f3d-d43b041bfdb9,1
89,a06e472a-f9de-11e9-8f3d-d43b041bfdb9,1
21,a06e472b-f9de-11e9-8f3d-d43b041bfdb9,0
36,a06e472c-f9de-11e9-8f3d-d43b041bfdb9,1
98,a06e472d-f9de-11e9-8f3d-d43b041bfdb9,1
52,a06e472e-f9de-11e9-8f3d-d43b041bfdb9,0
66,a06e472f-f9de-11e9-8f3d-d43b041bfdb9,0
74,a06e4730-f9de-11e9-8f3d-d43b041bfdb9,1
75,a06e4731-f9de-11e9-8f3d-d43b041bfdb9,1
55,a06e4732-f9de-11e9-8f3d-d43b041bfdb9,0
41,a06e4733-f9de-11e9-8f3d-d43b041bfdb9,1
53,a06e4734-f9de-11e9-8f3d-d43b041bfdb9,1
31,a06e4735-f9de-11e9-8f3d-d43b041bfdb9,0
15,a06e4736-f9de-11e9-8f3d-d43b041bfdb9,0
66,a06e4737-f9de-11e9-8f3d-d43b041bfdb9,1
96,a06e4738-f9de-11e9-8f3d-d43b041bfdb9,0
74,a06e4739-f9de-11e9-8f3d-d43b041bfdb9,1
36,a06e473a-f9de-11e9-8f3d-d43b041bfdb9,0
60,a06e473b-f9de-11e9-8f3d-d43b041bfdb9,0
67,a06e473c-f9de-11e9-8f3d-d43b041bfdb9,1
81,a06e473d-f9de-11e9-8f3d-d43b041bfdb9,0
52,a06e473e-f9de-11e9-8f3d-d43b041bfdb9,0
64,a06e473f-f9de-11e9-8f3d-d43b041bfdb9,0
26,a06e4740-f9de-11e9-8f3d-d43b041bfdb9,1
45,a06e4741-f9de-11e9-8f3d-d43b041bfdb9,1
71,a06e4742-f9de-11e9-8f3d-d43b041bfdb9,1
94,a06e4743-f9de-11e9-8f3d-d43b041bfdb9,1
37,a06e4744-f9de-11e9-8f3d-d43b041bfdb9,1
22,a06e4745-f9de-11e9-8f3d-d43b041bfdb9,1
67,a06e4746-f9de-11e9-8f3d-d43b041bfdb9,0
59,a06e4747-f9de-11e9-8f3d-d43b041bfdb9,0
82,a06e4748-f9de-11e9-8f3d-d43b041bfdb9,0
14,a06e4749-f9de-11e9-8f3d-d43b041bfdb9,1
45,a06e474a-f9de-11e9-8f3d-d43b041bfdb9,0
88,a06e474b-f9de-11e9-8f3d-d43b041bfdb9,1
63,a06e474c-f9de-11e9-8f3d-d43b041bfdb9,1
97,a06e474d-f9de-11e9-8f3d-d43b041bfdb9,0
88,a06e474e-f9de-11e9-8f3d-d43b041bfdb9,1
92,a06e474f-f9de-11e9-8f3d-d43b041bfdb9,1
28,a06e4750-f9de-11e9-8f3d-d43b041bfdb9,0
32,a06e4751-f9de-11e9-8f3d-d43b041bfdb9,0
95,a06e4752-f9de-11e9-8f3d-d43b041bfdb9,0
80,a06e4753-f9de-11e9-8f3d-d43b041bfdb9,0
23,a06e4754-f9de-11e9-8f3d-d43b041bfdb9,0
22,a06e4755-f9de-11e9-8f3d-d43b041bfdb9,0
98,a06e4756-f9de-11e9-8f3d-d43b041bfdb9,0
47,a06e4757-f9de-11e9-8f3d-d43b041bfdb9,0
49,a06e4758-f9de-11e9-8f3d-d43b041bfdb9,1
52,a06e4759-f9de-11e9-8f3d-d43b041bfdb9,1
50,a06e475a-f9de-11e9-8f3d-d43b041bfdb9,0
92,a06e475b-f9de-11e9-8f3d-d43b041bfdb9,1
86,a06e475c-f9de-11e9-8f3d-d43b041bfdb9,0
85,a06e475d-f9de-11e9-8f3d-d43b041bfdb9,0
23,a06e475e-f9de-11e9-8f3d-d43b041bfdb9,1
69,a06e475f-f9de-11e9-8f3d-d43b041bfdb9,1
72,a06e4760-f9de-11e9-8f3d-d43b041bfdb9,1
40,a06e4761-f9de-11e9-8f3d-d43b041bfdb9,1
96,a06e4762-f9de-11e9-8f3d-d43b041bfdb9,0
41,a06e4763-f9de-11e9-8f3d-d43b041bfdb9,0
44,a06e4764-f9de-11e9-8f3d-d43b041bfdb9,0
17,a06e4765-f9de-11e9-8f3d-d43b041bfdb9,0
63,a06e4766-f9de-11e9-8f3d-d43b041bfdb9,1
18,a06e4767-f9de-11e9-8f3d-d43b041bfdb9,1
73,a06e4768-f9de-11e9-8f3d-d43b041bfdb9,1
61,a06e4769-f9de-11e9-8f3d-d43b041bfdb9,0
86,a06e476a-f9de-11e9-8f3d-d43b041bfdb9,0
15,a06e476b-f9de-11e9-8f3d-d43b041bfdb9,0
84,a06e476c-f9de-11e9-8f3d-d43b041bfdb9,0
46,a06e476d-f9de-11e9-8f3d-d43b041bfdb9,0
16,a06e476e-f9de-11e9-8f3d-d43b041bfdb9,0
23,a06e476f-f9de-11e9-8f3d-d43b041bfdb9,0
65,a06e4770-f9de-11e9-8f3d-d43b041bfdb9,0
89,a06e4771-f9de-11e9-8f3d-d43b041bfdb9,0
72,a06e4772-f9de-11e9-8f3d-d43b041bfdb9,0
17,a06e4773-f9de-11e9-8f3d-d43b041bfdb9,1
27,a06e4774-f9de-11e9-8f3d-d43b041bfdb9,1
36,a06e4775-f9de-11e9-8f3d-d43b041bfdb9,1
53,a06e4776-f9de-11e9-8f3d-d43b041bfdb9,0
23,a06e4777-f9de-11e9-8f3d-d43b041bfdb9,1
56,a06e4778-f9de-11e9-8f3d-d43b041bfdb9,0
92,a06e4779-f9de-11e9-8f3d-d43b041bfdb9,0
30,a06e477a-f9de-11e9-8f3d-d43b041bfdb9,1
52,a06e477b-f9de-11e9-8f3d-d43b041bfdb9,0
93,a06e477c-f9de-11e9-8f3d-d43b041bfdb9,1
95,a06e477d-f9de-11e9-8f3d-d43b041bfdb9,0
36,a06e477e-f9de-11e9-8f3d-d43b041bfdb9,0
98,a06e477f-f9de-11e9-8f3d-d43b041bfdb9,0
72,a06e4780-f9de-11e9-8f3d-d43b041bfdb9,0
62,a06e4781-f9de-11e9-8f3d-d43b041bfdb9,0
81,a06e4782-f9de-11e9-8f3d-d43b041bfdb9,1
55,a06e4783-f9de-11e9-8f3d-d43b041bfdb9,0
57,a06e4784-f9de-11e9-8f3d-d43b041bfdb9,1
69,a06e4785-f9de-11e9-8f3d-d43b041bfdb9,0
84,a06e4786-f9de-11e9-8f3d-d43b041bfdb9,0
24,a06e4787-f9de-11e9-8f3d-d43b041bfdb9,0
83,a06e4788-f9de-11e9-8f3d-d43b041bfdb9,0
22,a06e4789-f9de-11e9-8f3d-d43b041bfdb9,0
29,a06e478a-f9de-11e9-8f3d-d43b041bfdb9,1
42,a06e478b-f9de-11e9-8f3d-d43b041bfdb9,1
27,a06e478c-f9de-11e9-8f3d-d43b041bfdb9,1
53,a06e478d-f9de-11e9-8f3d-d43b041bfdb9,0
46,a06e478e-f9de-11e9-8f3d-d43b041bfdb9,1
46,a06e478f-f9de-11e9-8f3d-d43b041bfdb9,0
94,a06e4790-f9de-11e9-8f3d-d43b041bfdb9,1
52,a06e4791-f9de-11e9-8f3d-d43b041bfdb9,0
25,a06e4792-f9de-11e9-8f3d-d43b041bfdb9,0
93,a06e4793-f9de-11e9-8f3d-d43b041bfdb9,1
71,a06e4794-f9de-11e9-8f3d-d43b041bfdb9,1
51,a06e4795-f9de-11e9-8f3d-d43b041bfdb9,1
96,a06e4796-f9de-11e9-8f3d-d43b041bfdb9,0
50,a06e4797-f9de-11e9-8f3d-d43b041bfdb9,0
50,a06e4798-f9de-11e9-8f3d-d43b041bfdb9,0
30,a06e4799-f9de-11e9-8f3d-d43b041bfdb9,1
51,a06e479a-f9de-11e9-8f3d-d43b041bfdb9,0
89,a06e479b-f9de-11e9-8f3d-d43b041bfdb9,1
87,a06e479c-f9de-11e9-8f3d-d43b041bfdb9,0
35,a06e479d-f9de-11e9-8f3d-d43b041bfdb9,0
53,a06e479e-f9de-11e9-8f3d-d43b041bfdb9,0
26,a06e479f-f9de-11e9-8f3d-d43b041bfdb9,1
60,a06e47a0-f9de-11e9-8f3d-d43b041bfdb9,1
86,a06e47a1-f9de-11e9-8f3d-d43b041bfdb9,0
65,a06e47a2-f9de-11e9-8f3d-d43b041bfdb9,1
91,a06e47a3-f9de-11e9-8f3d-d43b041bfdb9,0
43,a06e47a4-f9de-11e9-8f3d-d43b041bfdb9,1
96,a06e47a5-f9de-11e9-8f3d-d43b041bfdb9,1
96,a06e47a6-f9de-11e9-8f3d-d43b041bfdb9,1
53,a06e47a7-f9de-11e9-8f3d-d43b041bfdb9,1
41,a06e47a8-f9de-11e9-8f3d-d43b041bfdb9,0
74,a06e47a9-f9de-11e9-8f3d-d43b041bfdb9,1
53,a06e47aa-f9de-11e9-8f3d-d43b041bfdb9,0
15,a06e47ab-f9de-11e9-8f3d-d43b041bfdb9,1
86,a06e47ac-f9de-11e9-8f3d-d43b041bfdb9,0
75,a06e47ad-f9de-11e9-8f3d-d43b041bfdb9,0
74,a06e47ae-f9de-11e9-8f3d-d43b041bfdb9,1
31,a06e47af-f9de-11e9-8f3d-d43b041bfdb9,0
65,a06e47b0-f9de-11e9-8f3d-d43b041bfdb9,1
40,a06e47b1-f9de-11e9-8f3d-d43b041bfdb9,1
91,a06e47b2-f9de-11e9-8f3d-d43b041bfdb9,0
63,a06e47b3-f9de-11e9-8f3d-d43b041bfdb9,0
96,a06e47b4-f9de-11e9-8f3d-d43b041bfdb9,1
43,a06e47b5-f9de-11e9-8f3d-d43b041bfdb9,0
92,a06e47b6-f9de-11e9-8f3d-d43b041bfdb9,1
76,a06e47b7-f9de-11e9-8f3d-d43b041bfdb9,0
20,a06e47b8-f9de-11e9-8f3d-d43b041bfdb9,0
98,a06e47b9-f9de-11e9-8f3d-d43b041bfdb9,1
50,a06e47ba-f9de-11e9-8f3d-d43b041bfdb9,1
15,a06e47bb-f9de-11e9-8f3d-d43b041bfdb9,1
91,a06e47bc-f9de-11e9-8f3d-d43b041bfdb9,1
34,a06e47bd-f9de-11e9-8f3d-d43b041bfdb9,1
36,a06e47be-f9de-11e9-8f3d-d43b041bfdb9,1
23,a06e47bf-f9de-11e9-8f3d-d43b041bfdb9,0
66,a06e47c0-f9de-11e9-8f3d-d43b041bfdb9,1
51,a06e47c1-f9de-11e9-8f3d-d43b041bfdb9,0
89,a06e47c2-f9de-11e9-8f3d-d43b041bfdb9,0
13,a06e47c3-f9de-11e9-8f3d-d43b041bfdb9,1
73,a06e47c4-f9de-11e9-8f3d-d43b041bfdb9,1
77,a06e47c5-f9de-11e9-8f3d-d43b041bfdb9,1
66,a06e47c6-f9de-11e9-8f3d-d43b041bfdb9,0
92,a06e47c7-f9de-11e9-8f3d-d43b041bfdb9,0
60,a06e47c8-f9de-11e9-8f3d-d43b041bfdb9,0
88,a06e47c9-f9de-11e9-8f3d-d43b041bfdb9,1
97,a06e47ca-f9de-11e9-8f3d-d43b041bfdb9,1
46,a06e47cb-f9de-11e9-8f3d-d43b041bfdb9,1
23,a06e47cc-f9de-11e9-8f3d-d43b041bfdb9,0
27,a06e47cd-f9de-11e9-8f3d-d43b041bfdb9,1
32,a06e47ce-f9de-11e9-8f3d-d43b041bfdb9,1
18,a06e47cf-f9de-11e9-8f3d-d43b041bfdb9,0
97,a06e47d0-f9de-11e9-8f3d-d43b041bfdb9,1
70,a06e47d1-f9de-11e9-8f3d-d43b041bfdb9,1
92,a06e47d2-f9de-11e9-8f3d-d43b041bfdb9,1
57,a06e47d3-f9de-11e9-8f3d-d43b041bfdb9,1
66,a06e47d4-f9de-11e9-8f3d-d43b041bfdb9,0
82,a06e47d5-f9de-11e9-8f3d-d43b041bfdb9,1
77,a06e47d6-f9de-11e9-8f3d-d43b041bfdb9,1
22,a06e47d7-f9de-11e9-8f3d-d43b041bfdb9,0
60,a06e47d8-f9de-11e9-8f3d-d43b041bfdb9,0
23,a06e47d9-f9de-11e9-8f3d-d43b041bfdb9,1
86,a06e47da-f9de-11e9-8f3d-d43b041bfdb9,1
92,a06e47db-f9de-11e9-8f3d-d43b041bfdb9,1
49,a06e47dc-f9de-11e9-8f3d-d43b041bfdb9,1
92,a06e47dd-f9de-11e9-8f3d-d43b041bfdb9,0
30,a06e47de-f9de-11e9-8f3d-d43b041bfdb9,1
26,a06e47df-f9de-11e9-8f3d-d43b041bfdb9,1
35,a06e47e0-f9de-11e9-8f3d-d43b041bfdb9,0
54,a06e47e1-f9de-11e9-8f3d-d43b041bfdb9,0
23,a06e47e2-f9de-11e9-8f3d-d43b041bfdb9,1
22,a06e47e3-f9de-11e9-8f3d-d43b041bfdb9,1
33,a06e47e4-f9de-11e9-8f3d-d43b041bfdb9,1
75,a06e47e5-f9de-11e9-8f3d-d43b041bfdb9,0
14,a06e47e6-f9de-11e9-8f3d-d43b041bfdb9,0
87,a06e47e7-f9de-11e9-8f3d-d43b041bfdb9,0
51,a06e47e8-f9de-11e9-8f3d-d43b041bfdb9,0
75,a06e47e9-f9de-11e9-8f3d-d43b041bfdb9,1
14,a06e47ea-f9de-11e9-8f3d-d43b041bfdb9,0
68,a06e47eb-f9de-11e9-8f3d-d43b041bfdb9,0
70,a06e47ec-f9de-11e9-8f3d-d43b041bfdb9,1
70,a06e47ed-f9de-11e9-8f3d-d43b041bfdb9,1
31,a06e47ee-f9de-11e9-8f3d-d43b041bfdb9,0
15,a06e47ef-f9de-11e9-8f3d-d43b041bfdb9,0
39,a06e47f0-f9de-11e9-8f3d-d43b041bfdb9,0
68,a06e47f1-f9de-11e9-8f3d-d43b041bfdb9,0
61,a06e47f2-f9de-11e9-8f3d-d43b041bfdb9,0
30,a06e47f3-f9de-11e9-8f3d-d43b041bfdb9,0
72,a06e47f4-f9de-11e9-8f3d-d43b041bfdb9,1
50,a06e47f5-f9de-11e9-8f3d-d43b041bfdb9,0
71,a06e47f6-f9de-11e9-8f3d-d43b041bfdb9,0
52,a06e47f7-f9de-11e9-8f3d-d43b041bfdb9,1
42,a06e47f8-f9de-11e9-8f3d-d43b041bfdb9,0
81,a06e47f9-f9de-11e9-8f3d-d43b041bfdb9,0
69,a06e47fa-f9de-11e9-8f3d-d43b041bfdb9,0
48,a06e47fb-f9de-11e9-8f3d-d43b041bfdb9,1
65,a06e47fc-f9de-11e9-8f3d-d43b041bfdb9,0
32,a06e47fd-f9de-11e9-8f3d-d43b041bfdb9,0
67,a06e47fe-f9de-11e9-8f3d-d43b041bfdb9,0
66,a06e47ff-f9de-11e9-8f3d-d43b041bfdb9,0
54,a06e4800-f9de-11e9-8f3d-d43b041bfdb9,0
70,a06e4801-f9de-11e9-8f3d-d43b041bfdb9,1
49,a06e4802-f9de-11e9-8f3d-d43b041bfdb9,1
21,a06e4803-f9de-11e9-8f3d-d43b041bfdb9,0
63,a06e4804-f9de-11e9-8f3d-d43b041bfdb9,1
92,a06e4805-f9de-11e9-8f3d-d43b041bfdb9,1
51,a06e4806-f9de-11e9-8f3d-d43b041bfdb9,1
77,a06e4807-f9de-11e9-8f3d-d43b041bfdb9,0
62,a06e4808-f9de-11e9-8f3d-d43b041bfdb9,1
42,a06e4809-f9de-11e9-8f3d-d43b041bfdb9,0
38,a06e480a-f9de-11e9-8f3d-d43b041bfdb9,1
58,a06e480b-f9de-11e9-8f3d-d43b041bfdb9,0
46,a06e480c-f9de-11e9-8f3d-d43b041bfdb9,1
98,a06e480d-f9de-11e9-8f3d-d43b041bfdb9,1
36,a06e480e-f9de-11e9-8f3d-d43b041bfdb9,0
52,a06e480f-f9de-11e9-8f3d-d43b041bfdb9,0
55,a06e4810-f9de-11e9-8f3d-d43b041bfdb9,0
98,a06e4811-f9de-11e9-8f3d-d43b041bfdb9,0
56,a06e4812-f9de-11e9-8f3d-d43b041bfdb9,0
27,a06e4813-f9de-11e9-8f3d-d43b041bfdb9,0
18,a06e4814-f9de-11e9-8f3d-d43b041bfdb9,0
68,a06e4815-f9de-11e9-8f3d-d43b041bfdb9,1
49,a06e4816-f9de-11e9-8f3d-d43b041bfdb9,1
66,a06e4817-f9de-11e9-8f3d-d43b041bfdb9,1
59,a06e4818-f9de-11e9-8f3d-d43b041bfdb9,1
34,a06e4819-f9de-11e9-8f3d-d43b041bfdb9,1
32,a06e481a-f9de-11e9-8f3d-d43b041bfdb9,0
51,a06e481b-f9de-11e9-8f3d-d43b041bfdb9,0
91,a06e481c-f9de-11e9-8f3d-d43b041bfdb9,1
61,a06e481d-f9de-11e9-8f3d-d43b041bfdb9,0
90,a06e481e-f9de-11e9-8f3d-d43b041bfdb9,1
34,a06e481f-f9de-11e9-8f3d-d43b041bfdb9,1
40,a06e4820-f9de-11e9-8f3d-d43b041bfdb9,0
77,a06e4821-f9de-11e9-8f3d-d43b041bfdb9,0
47,a06e4822-f9de-11e9-8f3d-d43b041bfdb9,1
68,a06e4823-f9de-11e9-8f3d-d43b041bfdb9,1
97,a06e4824-f9de-11e9-8f3d-d43b041bfdb9,1
77,a06e4825-f9de-11e9-8f3d-d43b041bfdb9,0
25,a06e4826-f9de-11e9-8f3d-d43b041bfdb9,0
17,a06e4827-f9de-11e9-8f3d-d43b041bfdb9,0
82,a06e4828-f9de-11e9-8f3d-d43b041bfdb9,0
72,a06e4829-f9de-11e9-8f3d-d43b041bfdb9,1
30,a06e482a-f9de-11e9-8f3d-d43b041bfdb9,0
79,a06e482b-f9de-11e9-8f3d-d43b041bfdb9,0
58,a06e482c-f9de-11e9-8f3d-d43b041bfdb9,1
64,a06e482d-f9de-11e9-8f3d-d43b041bfdb9,0
58,a06e482e-f9de-11e9-8f3d-d43b041bfdb9,1
16,a06e482f-f9de-11e9-8f3d-d43b041bfdb9,1
24,a06e4830-f9de-11e9-8f3d-d43b041bfdb9,0
86,a06e4831-f9de-11e9-8f3d-d43b041bfdb9,1
16,a06e4832-f9de-11e9-8f3d-d43b041bfdb9,0
64,a06e4833-f9de-11e9-8f3d-d43b041bfdb9,1
25,a06e4834-f9de-11e9-8f3d-d43b041bfdb9,0
45,a06e4835-f9de-11e9-8f3d-d43b041bfdb9,0
80,a06e4836-f9de-11e9-8f3d-d43b041bfdb9,1
75,a06e4837-f9de-11e9-8f3d-d43b041bfdb9,0
78,a06e4838-f9de-11e9-8f3d-d43b041bfdb9,1
20,a06e4839-f9de-11e9-8f3d-d43b041bfdb9,0
46,a06e483a-f9de-11e9-8f3d-d43b041bfdb9,1
95,a06e483b-f9de-11e9-8f3d-d43b041bfdb9,0
33,a06e483c-f9de-11e9-8f3d-d43b041bfdb9,1
41,a06e483d-f9de-11e9-8f3d-d43b041bfdb9,0
93,a06e483e-f9de-11e9-8f3d-d43b041bfdb9,0
14,a06e483f-f9de-11e9-8f3d-d43b041bfdb9,0
59,a06e4840-f9de-11e9-8f3d-d43b041bfdb9,0
40,a06e4841-f9de-11e9-8f3d-d43b041bfdb9,0
41,a06e4842-f9de-11e9-8f3d-d43b041bfdb9,1
55,a06e4843-f9de-11e9-8f3d-d43b041bfdb9,0
27,a06e4844-f9de-11e9-8f3d-d43b041bfdb9,1
27,a06e4845-f9de-11e9-8f3d-d43b041bfdb9,1
76,a06e4846-f9de-11e9-8f3d-d43b041bfdb9,1
96,a06e4847-f9de-11e9-8f3d-d43b041bfdb9,1
25,a06e4848-f9de-11e9-8f3d-d43b041bfdb9,1
15,a06e4849-f9de-11e9-8f3d-d43b041bfdb9,1
85,a06e484a-f9de-11e9-8f3d-d43b041bfdb9,1
54,a06e484b-f9de-11e9-8f3d-d43b041bfdb9,0
40,a06e484c-f9de-11e9-8f3d-d43b041bfdb9,1
93,a06e484d-f9de-11e9-8f3d-d43b041bfdb9,1
89,a06e484e-f9de-11e9-8f3d-d43b041bfdb9,0
27,a06e484f-f9de-11e9-8f3d-d43b041bfdb9,0
56,a06e4850-f9de-11e9-8f3d-d43b041bfdb9,1
69,a06e4851-f9de-11e9-8f3d-d43b041bfdb9,1
96,a06e4852-f9de-11e9-8f3d-d43b041bfdb9,1
52,a06e4853-f9de-11e9-8f3d-d43b041bfdb9,0
40,a06e4854-f9de-11e9-8f3d-d43b041bfdb9,0
60,a06e4855-f9de-11e9-8f3d-d43b041bfdb9,0
96,a06e4856-f9de-11e9-8f3d-d43b041bfdb9,0
14,a06e4857-f9de-11e9-8f3d-d43b041bfdb9,1
41,a06e4858-f9de-11e9-8f3d-d43b041bfdb9,0
56,a06e4859-f9de-11e9-8f3d-d43b041bfdb9,0
14,a06e485a-f9de-11e9-8f3d-d43b041bfdb9,0
29,a06e485b-f9de-11e9-8f3d-d43b041bfdb9,0
17,a06e485c-f9de-11e9-8f3d-d43b041bfdb9,0
69,a06e485d-f9de-11e9-8f3d-d43b041bfdb9,1
36,a06e485e-f9de-11e9-8f3d-d43b041bfdb9,0
98,a06e485f-f9de-11e9-8f3d-d43b041bfdb9,1
59,a06e4860-f9de-11e9-8f3d-d43b041bfdb9,0
21,a06e4861-f9de-11e9-8f3d-d43b041bfdb9,1
89,a06e4862-f9de-11e9-8f3d-d43b041bfdb9,0
58,a06e4863-f9de-11e9-8f3d-d43b041bfdb9,0
37,a06e4864-f9de-11e9-8f3d-d43b041bfdb9,1
53,a06e4865-f9de-11e9-8f3d-d43b041bfdb9,1
34,a06e4866-f9de-11e9-8f3d-d43b041bfdb9,1
14,a06e4867-f9de-11e9-8f3d-d43b041bfdb9,0
58,a06e4868-f9de-11e9-8f3d-d43b041bfdb9,0
44,a06e4869-f9de-11e9-8f3d-d43b041bfdb9,1
37,a06e486a-f9de-11e9-8f3d-d43b041bfdb9,1
28,a06e486b-f9de-11e9-8f3d-d43b041bfdb9,0
69,a06e486c-f9de-11e9-8f3d-d43b041bfdb9,1
44,a06e486d-f9de-11e9-8f3d-d43b041bfdb9,1
74,a06e486e-f9de-11e9-8f3d-d43b041bfdb9,1
15,a06e486f-f9de-11e9-8f3d-d43b041bfdb9,0
25,a06e4870-f9de-11e9-8f3d-d43b041bfdb9,1
78,a06e4871-f9de-11e9-8f3d-d43b041bfdb9,0
39,a06e4872-f9de-11e9-8f3d-d43b041bfdb9,0
28,a06e4873-f9de-11e9-8f3d-d43b041bfdb9,1
59,a06e4874-f9de-11e9-8f3d-d43b041bfdb9,0
18,a06e4875-f9de-11e9-8f3d-d43b041bfdb9,1
20,a06e4876-f9de-11e9-8f3d-d43b041bfdb9,1
57,a06e4877-f9de-11e9-8f3d-d43b041bfdb9,1
86,a06e4878-f9de-11e9-8f3d-d43b041bfdb9,0
78,a06e4879-f9de-11e9-8f3d-d43b041bfdb9,0
98,a06e487a-f9de-11e9-8f3d-d43b041bfdb9,0
64,a06e487b-f9de-11e9-8f3d-d43b041bfdb9,0
74,a06e487c-f9de-11e9-8f3d-d43b041bfdb9,0
20,a06e487d-f9de-11e9-8f3d-d43b041bfdb9,0
16,a06e487e-f9de-11e9-8f3d-d43b041bfdb9,0
25,a06e487f-f9de-11e9-8f3d-d43b041bfdb9,0
56,a06e4880-f9de-11e9-8f3d-d43b041bfdb9,0
27,a06e4881-f9de-11e9-8f3d-d43b041bfdb9,1
67,a06e4882-f9de-11e9-8f3d-d43b041bfdb9,1
29,a06e4883-f9de-11e9-8f3d-d43b041bfdb9,1
66,a06e4884-f9de-11e9-8f3d-d43b041bfdb9,1
15,a06e4885-f9de-11e9-8f3d-d43b041bfdb9,0
84,a06e4886-f9de-11e9-8f3d-d43b041bfdb9,0
58,a06e4887-f9de-11e9-8f3d-d43b041bfdb9,0
31,a06e4888-f9de-11e9-8f3d-d43b041bfdb9,1
46,a06e4889-f9de-11e9-8f3d-d43b041bfdb9,1
54,a06e488a-f9de-11e9-8f3d-d43b041bfdb9,1
89,a06e488b-f9de-11e9-8f3d-d43b041bfdb9,0
33,a06e488c-f9de-11e9-8f3d-d43b041bfdb9,0
56,a06e488d-f9de-11e9-8f3d-d43b041bfdb9,0
55,a06e488e-f9de-11e9-8f3d-d43b041bfdb9,0
15,a06e488f-f9de-11e9-8f3d-d43b041bfdb9,1
15,a06e4890-f9de-11e9-8f3d-d43b041bfdb9,0
43,a06e4891-f9de-11e9-8f3d-d43b041bfdb9,1
88,a06e4892-f9de-11e9-8f3d-d43b041bfdb9,0
86,a06e4893-f9de-11e9-8f3d-d43b041bfdb9,1
15,a06e4894-f9de-11e9-8f3d-d43b041bfdb9,0
77,a06e4895-f9de-11e9-8f3d-d43b041bfdb9,0
71,a06e4896-f9de-11e9-8f3d-d43b041bfdb9,1
27,a06e4897-f9de-11e9-8f3d-d43b041bfdb9,1
80,a06e4898-f9de-11e9-8f3d-d43b041bfdb9,0
91,a06e4899-f9de-11e9-8f3d-d43b041bfdb9,0
68,a06e489a-f9de-11e9-8f3d-d43b041bfdb9,1
77,a06e489b-f9de-11e9-8f3d-d43b041bfdb9,1
19,a06e489c-f9de-11e9-8f3d-d43b041bfdb9,0
83,a06e489d-f9de-11e9-8f3d-d43b041bfdb9,0
45,a06e489e-f9de-11e9-8f3d-d43b041bfdb9,0
46,a06e489f-f9de-11e9-8f3d-d43b041bfdb9,1
68,a06e48a0-f9de-11e9-8f3d-d43b041bfdb9,1
62,a06e48a1-f9de-11e9-8f3d-d43b041bfdb9,1
72,a06e48a2-f9de-11e9-8f3d-d43b041bfdb9,1
84,a06e48a3-f9de-11e9-8f3d-d43b041bfdb9,0
78,a06e48a4-f9de-11e9-8f3d-d43b041bfdb9,1
62,a06e48a5-f9de-11e9-8f3d-d43b041bfdb9,0
91,a06e48a6-f9de-11e9-8f3d-d43b041bfdb9,1
98,a06e48a7-f9de-11e9-8f3d-d43b041bfdb9,1
31,a06e48a8-f9de-11e9-8f3d-d43b041bfdb9,0
84,a06e48a9-f9de-11e9-8f3d-d43b041bfdb9,1
53,a06e48aa-f9de-11e9-8f3d-d43b041bfdb9,1
85,a06e48ab-f9de-11e9-8f3d-d43b041bfdb9,1
35,a06e48ac-f9de-11e9-8f3d-d43b041bfdb9,0
65,a06e48ad-f9de-11e9-8f3d-d43b041bfdb9,1
80,a06e48ae-f9de-11e9-8f3d-d43b041bfdb9,1
14,a06e48af-f9de-11e9-8f3d-d43b041bfdb9,0
78,a06e48b0-f9de-11e9-8f3d-d43b041bfdb9,0
77,a06e48b1-f9de-11e9-8f3d-d43b041bfdb9,1
21,a06e48b2-f9de-11e9-8f3d-d43b041bfdb9,1
69,a06e48b3-f9de-11e9-8f3d-d43b041bfdb9,1
25,a06e48b4-f9de-11e9-8f3d-d43b041bfdb9,1
25,a06e48b5-f9de-11e9-8f3d-d43b041bfdb9,0
47,a06e48b6-f9de-11e9-8f3d-d43b041bfdb9,1
78,a06e48b7-f9de-11e9-8f3d-d43b041bfdb9,0
45,a06e48b8-f9de-11e9-8f3d-d43b041bfdb9,1
18,a06e48b9-f9de-11e9-8f3d-d43b041bfdb9,1
53,a06e48ba-f9de-11e9-8f3d-d43b041bfdb9,0
72,a06e48bb-f9de-11e9-8f3d-d43b041bfdb9,0
57,a06e48bc-f9de-11e9-8f3d-d43b041bfdb9,0
42,a06e48bd-f9de-11e9-8f3d-d43b041bfdb9,0
17,a06e48be-f9de-11e9-8f3d-d43b041bfdb9,1
50,a06e48bf-f9de-11e9-8f3d-d43b041bfdb9,0
96,a06e48c0-f9de-11e9-8f3d-d43b041bfdb9,1
61,a06e48c1-f9de-11e9-8f3d-d43b041bfdb9,0
22,a06e48c2-f9de-11e9-8f3d-d43b041bfdb9,0
95,a06e48c3-f9de-11e9-8f3d-d43b041bfdb9,0
45,a06e48c4-f9de-11e9-8f3d-d43b041bfdb9,1
43,a06e48c5-f9de-11e9-8f3d-d43b041bfdb9,0
67,a06e48c6-f9de-11e9-8f3d-d43b041bfdb9,1
93,a06e48c7-f9de-11e9-8f3d-d43b041bfdb9,1
73,a06e48c8-f9de-11e9-8f3d-d43b041bfdb9,1
25,a06e48c9-f9de-11e9-8f3d-d43b041bfdb9,0
90,a06e48ca-f9de-11e9-8f3d-d43b041bfdb9,1
52,a06e48cb-f9de-11e9-8f3d-d43b041bfdb9,1
77,a06e48cc-f9de-11e9-8f3d-d43b041bfdb9,0
40,a06e48cd-f9de-11e9-8f3d-d43b041bfdb9,1
60,a06e48ce-f9de-11e9-8f3d-d43b041bfdb9,0
66,a06e48cf-f9de-11e9-8f3d-d43b041bfdb9,0
46,a06e48d0-f9de-11e9-8f3d-d43b041bfdb9,0
95,a06e48d1-f9de-11e9-8f3d-d43b041bfdb9,1
22,a06e48d2-f9de-11e9-8f3d-d43b041bfdb9,0
20,a06e48d3-f9de-11e9-8f3d-d43b041bfdb9,1
34,a06e48d4-f9de-11e9-8f3d-d43b041bfdb9,0
73,a06e48d5-f9de-11e9-8f3d-d43b041bfdb9,0
22,a06e48d6-f9de-11e9-8f3d-d43b041bfdb9,0
37,a06e48d7-f9de-11e9-8f3d-d43b041bfdb9,1
84,a06e48d8-f9de-11e9-8f3d-d43b041bfdb9,1
95,a06e48d9-f9de-11e9-8f3d-d43b041bfdb9,1
23,a06e48da-f9de-11e9-8f3d-d43b041bfdb9,1
61,a06e48db-f9de-11e9-8f3d-d43b041bfdb9,0
67,a06e48dc-f9de-11e9-8f3d-d43b041bfdb9,0
66,a06e48dd-f9de-11e9-8f3d-d43b041bfdb9,0
13,a06e48de-f9de-11e9-8f3d-d43b041bfdb9,0
94,a06e48df-f9de-11e9-8f3d-d43b041bfdb9,1
24,a06e48e0-f9de-11e9-8f3d-d43b041bfdb9,0
36,a06e48e1-f9de-11e9-8f3d-d43b041bfdb9,0
70,a06e48e2-f9de-11e9-8f3d-d43b041bfdb9,0
54,a06e48e3-f9de-11e9-8f3d-d43b041bfdb9,0
71,a06e48e4-f9de-11e9-8f3d-d43b041bfdb9,1
60,a06e48e5-f9de-11e9-8f3d-d43b041bfdb9,0
85,a06e48e6-f9de-11e9-8f3d-d43b041bfdb9,1
28,a06e48e7-f9de-11e9-8f3d-d43b041bfdb9,0
56,a06e48e8-f9de-11e9-8f3d-d43b041bfdb9,0
42,a06e48e9-f9de-11e9-8f3d-d43b041bfdb9,1
44,a06e48ea-f9de-11e9-8f3d-d43b041bfdb9,0
32,a06e48eb-f9de-11e9-8f3d-d43b041bfdb9,0
30,a06e48ec-f9de-11e9-8f3d-d43b041bfdb9,0
97,a06e48ed-f9de-11e9-8f3d-d43b041bfdb9,1
52,a06e48ee-f9de-11e9-8f3d-d43b041bfdb9,0
38,a06e48ef-f9de-11e9-8f3d-d43b041bfdb9,0
92,a06e48f0-f9de-11e9-8f3d-d43b041bfdb9,0
37,a06e48f1-f9de-11e9-8f3d-d43b041bfdb9,0
35,a06e48f2-f9de-11e9-8f3d-d43b041bfdb9,0
93,a06e48f3-f9de-11e9-8f3d-d43b041bfdb9,1
16,a06e48f4-f9de-11e9-8f3d-d43b041bfdb9,1
74,a06e48f5-f9de-11e9-8f3d-d43b041bfdb9,1
94,a06e48f6-f9de-11e9-8f3d-d43b041bfdb9,1
41,a06e48f7-f9de-11e9-8f3d-d43b041bfdb9,0
47,a06e48f8-f9de-11e9-8f3d-d43b041bfdb9,1
41,a06e48f9-f9de-11e9-8f3d-d43b041bfdb9,1
38,a06e48fa-f9de-11e9-8f3d-d43b041bfdb9,1
64,a06e48fb-f9de-11e9-8f3d-d43b041bfdb9,0
97,a06e48fc-f9de-11e9-8f3d-d43b041bfdb9,0
47,a06e48fd-f9de-11e9-8f3d-d43b041bfdb9,0
60,a06e48fe-f9de-11e9-8f3d-d43b041bfdb9,1
39,a06e48ff-f9de-11e9-8f3d-d43b041bfdb9,0
13,a06e4900-f9de-11e9-8f3d-d43b041bfdb9,1
23,a06e4901-f9de-11e9-8f3d-d43b041bfdb9,1
55,a06e4902-f9de-11e9-8f3d-d43b041bfdb9,1
95,a06e4903-f9de-11e9-8f3d-d43b041bfdb9,0
21,a06e4904-f9de-11e9-8f3d-d43b041bfdb9,1
15,a06e4905-f9de-11e9-8f3d-d43b041bfdb9,1
28,a06e4906-f9de-11e9-8f3d-d43b041bfdb9,1
44,a06e4907-f9de-11e9-8f3d-d43b041bfdb9,1
13,a06e4908-f9de-11e9-8f3d-d43b041bfdb9,1
31,a06e4909-f9de-11e9-8f3d-d43b041bfdb9,0
44,a06e490a-f9de-11e9-8f3d-d43b041bfdb9,1
26,a06e490b-f9de-11e9-8f3d-d43b041bfdb9,1
68,a06e490c-f9de-11e9-8f3d-d43b041bfdb9,0
86,a06e490d-f9de-11e9-8f3d-d43b041bfdb9,0
32,a06e490e-f9de-11e9-8f3d-d43b041bfdb9,0
38,a06e490f-f9de-11e9-8f3d-d43b041bfdb9,0
57,a06e4910-f9de-11e9-8f3d-d43b041bfdb9,1
50,a06e4911-f9de-11e9-8f3d-d43b041bfdb9,0
84,a06e4912-f9de-11e9-8f3d-d43b041bfdb9,1
81,a06e4913-f9de-11e9-8f3d-d43b041bfdb9,1
61,a06e4914-f9de-11e9-8f3d-d43b041bfdb9,0
25,a06e4915-f9de-11e9-8f3d-d43b041bfdb9,0
81,a06e4916-f9de-11e9-8f3d-d43b041bfdb9,1
72,a06e4917-f9de-11e9-8f3d-d43b041bfdb9,0
98,a06e4918-f9de-11e9-8f3d-d43b041bfdb9,0
21,a06e4919-f9de-11e9-8f3d-d43b041bfdb9,1
36,a06e491a-f9de-11e9-8f3d-d43b041bfdb9,0
42,a06e491b-f9de-11e9-8f3d-d43b041bfdb9,1
48,a06e491c-f9de-11e9-8f3d-d43b041bfdb9,0
25,a06e491d-f9de-11e9-8f3d-d43b041bfdb9,0
17,a06e491e-f9de-11e9-8f3d-d43b041bfdb9,1
65,a06e491f-f9de-11e9-8f3d-d43b041bfdb9,0
27,a06e4920-f9de-11e9-8f3d-d43b041bfdb9,1
29,a06e4921-f9de-11e9-8f3d-d43b041bfdb9,1
79,a06e4922-f9de-11e9-8f3d-d43b041bfdb9,1
45,a06e4923-f9de-11e9-8f3d-d43b041bfdb9,0
53,a06e4924-f9de-11e9-8f3d-d43b041bfdb9,1
91,a06e4925-f9de-11e9-8f3d-d43b041bfdb9,1
41,a06e4926-f9de-11e9-8f3d-d43b041bfdb9,0
92,a06e4927-f9de-11e9-8f3d-d43b041bfdb9,1
62,a06e4928-f9de-11e9-8f3d-d43b041bfdb9,0
72,a06e4929-f9de-11e9-8f3d-d43b041bfdb9,1
26,a06e492a-f9de-11e9-8f3d-d43b041bfdb9,1
57,a06e492b-f9de-11e9-8f3d-d43b041bfdb9,0
55,a06e492c-f9de-11e9-8f3d-d43b041bfdb9,0
30,a06e492d-f9de-11e9-8f3d-d43b041bfdb9,0
53,a06e492e-f9de-11e9-8f3d-d43b041bfdb9,1
66,a06e492f-f9de-11e9-8f3d-d43b041bfdb9,0
60,a06e4930-f9de-11e9-8f3d-d43b041bfdb9,1
40,a06e4931-f9de-11e9-8f3d-d43b041bfdb9,1
24,a06e4932-f9de-11e9-8f3d-d43b041bfdb9,0
54,a06e4933-f9de-11e9-8f3d-d43b041bfdb9,0
33,a06e4934-f9de-11e9-8f3d-d43b041bfdb9,1
76,a06e4935-f9de-11e9-8f3d-d43b041bfdb9,1
13,a06e4936-f9de-11e9-8f3d-d43b041bfdb9,0
74,a06e4937-f9de-11e9-8f3d-d43b041bfdb9,1
76,a06e4938-f9de-11e9-8f3d-d43b041bfdb9,1
62,a06e4939-f9de-11e9-8f3d-d43b041bfdb9,1
22,a06e493a-f9de-11e9-8f3d-d43b041bfdb9,0
24,a06e493b-f9de-11e9-8f3d-d43b041bfdb9,0
38,a06e493c-f9de-11e9-8f3d-d43b041bfdb9,0
77,a06e493d-f9de-11e9-8f3d-d43b041bfdb9,1
21,a06e493e-f9de-11e9-8f3d-d43b041bfdb9,0
44,a06e493f-f9de-11e9-8f3d-d43b041bfdb9,1
59,a06e4940-f9de-11e9-8f3d-d43b041bfdb9,0
17,a06e4941-f9de-11e9-8f3d-d43b041bfdb9,0
61,a06e4942-f9de-11e9-8f3d-d43b041bfdb9,1
15,a06e4943-f9de-11e9-8f3d-d43b041bfdb9,1
70,a06e4944-f9de-11e9-8f3d-d43b041bfdb9,1
58,a06e4945-f9de-11e9-8f3d-d43b041bfdb9,1
64,a06e4946-f9de-11e9-8f3d-d43b041bfdb9,0
92,a06e4947-f9de-11e9-8f3d-d43b041bfdb9,1
75,a06e4948-f9de-11e9-8f3d-d43b041bfdb9,1
86,a06e4949-f9de-11e9-8f3d-d43b041bfdb9,1
44,a06e494a-f9de-11e9-8f3d-d43b041bfdb9,1
29,a06e494b-f9de-11e9-8f3d-d43b041bfdb9,0
76,a06e494c-f9de-11e9-8f3d-d43b041bfdb9,1
38,a06e494d-f9de-11e9-8f3d-d43b041bfdb9,0
62,a06e494e-f9de-11e9-8f3d-d43b041bfdb9,0
39,a06e494f-f9de-11e9-8f3d-d43b041bfdb9,0
41,a06e4950-f9de-11e9-8f3d-d43b041bfdb9,1
27,a06e4951-f9de-11e9-8f3d-d43b041bfdb9,1
79,a06e4952-f9de-11e9-8f3d-d43b041bfdb9,0
61,a06e4953-f9de-11e9-8f3d-d43b041bfdb9,1
36,a06e4954-f9de-11e9-8f3d-d43b041bfdb9,1
85,a06e4955-f9de-11e9-8f3d-d43b041bfdb9,1
74,a06e4956-f9de-11e9-8f3d-d43b041bfdb9,1
88,a06e4957-f9de-11e9-8f3d-d43b041bfdb9,0
25,a06e4958-f9de-11e9-8f3d-d43b041bfdb9,0
87,a06e4959-f9de-11e9-8f3d-d43b041bfdb9,0
79,a06e495a-f9de-11e9-8f3d-d43b041bfdb9,1
34,a06e495b-f9de-11e9-8f3d-d43b041bfdb9,0
13,a06eb2ac-f9de-11e9-8f3d-d43b041bfdb9,1
47,a06eb2ad-f9de-11e9-8f3d-d43b041bfdb9,1
31,a06eb2ae-f9de-11e9-8f3d-d43b041bfdb9,1
46,a06eb2af-f9de-11e9-8f3d-d43b041bfdb9,0
40,a06eb2b0-f9de-11e9-8f3d-d43b041bfdb9,0
78,a06eb2b1-f9de-11e9-8f3d-d43b041bfdb9,1
71,a06eb2b2-f9de-11e9-8f3d-d43b041bfdb9,0
16,a06eb2b3-f9de-11e9-8f3d-d43b041bfdb9,0
44,a06eb2b4-f9de-11e9-8f3d-d43b041bfdb9,0
44,a06eb2b5-f9de-11e9-8f3d-d43b041bfdb9,0
95,a06eb2b6-f9de-11e9-8f3d-d43b041bfdb9,1
95,a06eb2b7-f9de-11e9-8f3d-d43b041bfdb9,0
62,a06eb2b8-f9de-11e9-8f3d-d43b041bfdb9,1
98,a06eb2b9-f9de-11e9-8f3d-d43b041bfdb9,1
59,a06eb2ba-f9de-11e9-8f3d-d43b041bfdb9,0
98,a06eb2bb-f9de-11e9-8f3d-d43b041bfdb9,1
21,a06eb2bc-f9de-11e9-8f3d-d43b041bfdb9,1
69,a06eb2bd-f9de-11e9-8f3d-d43b041bfdb9,1
13,a06eb2be-f9de-11e9-8f3d-d43b041bfdb9,1
76,a06eb2bf-f9de-11e9-8f3d-d43b041bfdb9,0
19,a06eb2c0-f9de-11e9-8f3d-d43b041bfdb9,0
49,a06eb2c1-f9de-11e9-8f3d-d43b041bfdb9,0
53,a06eb2c2-f9de-11e9-8f3d-d43b041bfdb9,1
72,a06eb2c3-f9de-11e9-8f3d-d43b041bfdb9,1
68,a06eb2c4-f9de-11e9-8f3d-d43b041bfdb9,0
56,a06eb2c5-f9de-11e9-8f3d-d43b041bfdb9,0
40,a06eb2c6-f9de-11e9-8f3d-d43b041bfdb9,1
24,a06eb2c7-f9de-11e9-8f3d-d43b041bfdb9,0
37,a06eb2c8-f9de-11e9-8f3d-d43b041bfdb9,0
29,a06eb2c9-f9de-11e9-8f3d-d43b041bfdb9,1
73,a06eb2ca-f9de-11e9-8f3d-d43b041bfdb9,1
40,a06eb2cb-f9de-11e9-8f3d-d43b041bfdb9,1
16,a06eb2cc-f9de-11e9-8f3d-d43b041bfdb9,0
19,a06eb2cd-f9de-11e9-8f3d-d43b041bfdb9,0
14,a06eb2ce-f9de-11e9-8f3d-d43b041bfdb9,0
56,a06eb2cf-f9de-11e9-8f3d-d43b041bfdb9,0
24,a06eb2d0-f9de-11e9-8f3d-d43b041bfdb9,0
37,a06eb2d1-f9de-11e9-8f3d-d43b041bfdb9,0
85,a06eb2d2-f9de-11e9-8f3d-d43b041bfdb9,0
58,a06eb2d3-f9de-11e9-8f3d-d43b041bfdb9,1
81,a06eb2d4-f9de-11e9-8f3d-d43b041bfdb9,1
79,a06eb2d5-f9de-11e9-8f3d-d43b041bfdb9,1
59,a06eb2d6-f9de-11e9-8f3d-d43b041bfdb9,0
79,a06eb2d7-f9de-11e9-8f3d-d43b041bfdb9,0
87,a06eb2d8-f9de-11e9-8f3d-d43b041bfdb9,0
25,a06eb2d9-f9de-11e9-8f3d-d43b041bfdb9,1
25,a06eb2da-f9de-11e9-8f3d-d43b041bfdb9,1
68,a06eb2db-f9de-11e9-8f3d-d43b041bfdb9,0
83,a06eb2dc-f9de-11e9-8f3d-d43b041bfdb9,0
67,a06eb2dd-f9de-11e9-8f3d-d43b041bfdb9,1
84,a06eb2de-f9de-11e9-8f3d-d43b041bfdb9,0
73,a06eb2df-f9de-11e9-8f3d-d43b041bfdb9,1
45,a06eb2e0-f9de-11e9-8f3d-d43b041bfdb9,0
61,a06eb2e1-f9de-11e9-8f3d-d43b041bfdb9,0
31,a06eb2e2-f9de-11e9-8f3d-d43b041bfdb9,1
16,a06eb2e3-f9de-11e9-8f3d-d43b041bfdb9,1
39,a06eb2e4-f9de-11e9-8f3d-d43b041bfdb9,1
50,a06eb2e5-f9de-11e9-8f3d-d43b041bfdb9,1
64,a06eb2e6-f9de-11e9-8f3d-d43b041bfdb9,0
77,a06eb2e7-f9de-11e9-8f3d-d43b041bfdb9,0
86,a06eb2e8-f9de-11e9-8f3d-d43b041bfdb9,1
15,a06eb2e9-f9de-11e9-8f3d-d43b041bfdb9,1
40,a06eb2ea-f9de-11e9-8f3d-d43b041bfdb9,0
80,a06eb2eb-f9de-11e9-8f3d-d43b041bfdb9,0
97,a06eb2ec-f9de-11e9-8f3d-d43b041bfdb9,0
52,a06eb2ed-f9de-11e9-8f3d-d43b041bfdb9,0
41,a06eb2ee-f9de-11e9-8f3d-d43b041bfdb9,0
20,a06eb2ef-f9de-11e9-8f3d-d43b041bfdb9,1
26,a06eb2f0-f9de-11e9-8f3d-d43b041bfdb9,1
67,a06eb2f1-f9de-11e9-8f3d-d43b041bfdb9,0
49,a06eb2f2-f9de-11e9-8f3d-d43b041bfdb9,1
52,a06eb2f3-f9de-11e9-8f3d-d43b041bfdb9,1
57,a06eb2f4-f9de-11e9-8f3d-d43b041bfdb9,1
52,a06eb2f5-f9de-11e9-8f3d-d43b041bfdb9,0
48,a06eb2f6-f9de-11e9-8f3d-d43b041bfdb9,0
77,a06eb2f7-f9de-11e9-8f3d-d43b041bfdb9,1
19,a06eb2f8-f9de-11e9-8f3d-d43b041bfdb9,0
50,a06eb2f9-f9de-11e9-8f3d-d43b041bfdb9,1
98,a06eb2fa-f9de-11e9-8f3d-d43b041bfdb9,0
79,a06eb2fb-f9de-11e9-8f3d-d43b041bfdb9,1
75,a06eb2fc-f9de-11e9-8f3d-d43b041bfdb9,1
64,a06eb2fd-f9de-11e9-8f3d-d43b041bfdb9,0
40,a06eb2fe-f9de-11e9-8f3d-d43b041bfdb9,1
90,a06eb2ff-f9de-11e9-8f3d-d43b041bfdb9,0
36,a06eb300-f9de-11e9-8f3d-d43b041bfdb9,1
18,a06eb301-f9de-11e9-8f3d-d43b041bfdb9,0
71,a06eb302-f9de-11e9-8f3d-d43b041bfdb9,1
38,a06eb303-f9de-11e9-8f3d-d43b041bfdb9,0
21,a06eb304-f9de-11e9-8f3d-d43b041bfdb9,1
21,a06eb305-f9de-11e9-8f3d-d43b041bfdb9,1
84,a06eb306-f9de-11e9-8f3d-d43b041bfdb9,1
13,a06eb307-f9de-11e9-8f3d-d43b041bfdb9,0
73,a06eb308-f9de-11e9-8f3d-d43b041bfdb9,1
47,a06eb309-f9de-11e9-8f3d-d43b041bfdb9,1
18,a06eb30a-f9de-11e9-8f3d-d43b041bfdb9,0
98,a06eb30b-f9de-11e9-8f3d-d43b041bfdb9,0
31,a06eb30c-f9de-11e9-8f3d-d43b041bfdb9,0
63,a06eb30d-f9de-11e9-8f3d-d43b041bfdb9,0
94,a06eb30e-f9de-11e9-8f3d-d43b041bfdb9,1
88,a06eb30f-f9de-11e9-8f3d-d43b041bfdb9,1
22,a06eb310-f9de-11e9-8f3d-d43b041bfdb9,0
38,a06eb311-f9de-11e9-8f3d-d43b041bfdb9,1
97,a06eb312-f9de-11e9-8f3d-d43b041bfdb9,1
35,a06eb313-f9de-11e9-8f3d-d43b041bfdb9,0
44,a06eb314-f9de-11e9-8f3d-d43b041bfdb9,1
13,a06eb315-f9de-11e9-8f3d-d43b041bfdb9,1
83,a06eb316-f9de-11e9-8f3d-d43b041bfdb9,1
21,a06eb317-f9de-11e9-8f3d-d43b041bfdb9,1
31,a06eb318-f9de-11e9-8f3d-d43b041bfdb9,1
90,a06eb319-f9de-11e9-8f3d-d43b041bfdb9,1
30,a06eb31a-f9de-11e9-8f3d-d43b041bfdb9,0
79,a06eb31b-f9de-11e9-8f3d-d43b041bfdb9,0
64,a06eb31c-f9de-11e9-8f3d-d43b041bfdb9,1
96,a06eb31d-f9de-11e9-8f3d-d43b041bfdb9,1
78,a06eb31e-f9de-11e9-8f3d-d43b041bfdb9,1
74,a06eb31f-f9de-11e9-8f3d-d43b041bfdb9,0
38,a06eb320-f9de-11e9-8f3d-d43b041bfdb9,1
45,a06eb321-f9de-11e9-8f3d-d43b041bfdb9,1
40,a06eb322-f9de-11e9-8f3d-d43b041bfdb9,1
18,a06eb323-f9de-11e9-8f3d-d43b041bfdb9,0
39,a06eb324-f9de-11e9-8f3d-d43b041bfdb9,1
32,a06eb325-f9de-11e9-8f3d-d43b041bfdb9,0
41,a06eb326-f9de-11e9-8f3d-d43b041bfdb9,0
76,a06eb327-f9de-11e9-8f3d-d43b041bfdb9,1
65,a06eb328-f9de-11e9-8f3d-d43b041bfdb9,0
95,a06eb329-f9de-11e9-8f3d-d43b041bfdb9,0
23,a06eb32a-f9de-11e9-8f3d-d43b041bfdb9,1
40,a06eb32b-f9de-11e9-8f3d-d43b041bfdb9,1
37,a06eb32c-f9de-11e9-8f3d-d43b041bfdb9,1
38,a06eb32d-f9de-11e9-8f3d-d43b041bfdb9,1
47,a06eb32e-f9de-11e9-8f3d-d43b041bfdb9,1
23,a06eb32f-f9de-11e9-8f3d-d43b041bfdb9,0
53,a06eb330-f9de-11e9-8f3d-d43b041bfdb9,0
84,a06eb331-f9de-11e9-8f3d-d43b041bfdb9,0
64,a06eb332-f9de-11e9-8f3d-d43b041bfdb9,1
86,a06eb333-f9de-11e9-8f3d-d43b041bfdb9,0
82,a06eb334-f9de-11e9-8f3d-d43b041bfdb9,0
37,a06eb335-f9de-11e9-8f3d-d43b041bfdb9,1
60,a06eb336-f9de-11e9-8f3d-d43b041bfdb9,0
30,a06eb337-f9de-11e9-8f3d-d43b041bfdb9,1
24,a06eb338-f9de-11e9-8f3d-d43b041bfdb9,1
52,a06eb339-f9de-11e9-8f3d-d43b041bfdb9,1
40,a06eb33a-f9de-11e9-8f3d-d43b041bfdb9,1
37,a06eb33b-f9de-11e9-8f3d-d43b041bfdb9,1
72,a06eb33c-f9de-11e9-8f3d-d43b041bfdb9,0
93,a06eb33d-f9de-11e9-8f3d-d43b041bfdb9,1
79,a06eb33e-f9de-11e9-8f3d-d43b041bfdb9,1
67,a06eb33f-f9de-11e9-8f3d-d43b041bfdb9,1
39,a06eb340-f9de-11e9-8f3d-d43b041bfdb9,1
65,a06eb341-f9de-11e9-8f3d-d43b041bfdb9,0
57,a06eb342-f9de-11e9-8f3d-d43b041bfdb9,1
71,a06eb343-f9de-11e9-8f3d-d43b041bfdb9,1
29,a06eb344-f9de-11e9-8f3d-d43b041bfdb9,1
27,a06eb345-f9de-11e9-8f3d-d43b041bfdb9,1
87,a06eb346-f9de-11e9-8f3d-d43b041bfdb9,1
78,a06eb347-f9de-11e9-8f3d-d43b041bfdb9,1
43,a06eb348-f9de-11e9-8f3d-d43b041bfdb9,1
77,a06eb349-f9de-11e9-8f3d-d43b041bfdb9,1
84,a06eb34a-f9de-11e9-8f3d-d43b041bfdb9,1
83,a06eb34b-f9de-11e9-8f3d-d43b041bfdb9,1
35,a06eb34c-f9de-11e9-8f3d-d43b041bfdb9,0
36,a06eb34d-f9de-11e9-8f3d-d43b041bfdb9,1
73,a06eb34e-f9de-11e9-8f3d-d43b041bfdb9,0
89,a06eb34f-f9de-11e9-8f3d-d43b041bfdb9,1
23,a06eb350-f9de-11e9-8f3d-d43b041bfdb9,1
65,a06eb351-f9de-11e9-8f3d-d43b041bfdb9,1
19,a06eb352-f9de-11e9-8f3d-d43b041bfdb9,0
63,a06eb353-f9de-11e9-8f3d-d43b041bfdb9,0
29,a06eb354-f9de-11e9-8f3d-d43b041bfdb9,1
52,a06eb355-f9de-11e9-8f3d-d43b041bfdb9,1
71,a06eb356-f9de-11e9-8f3d-d43b041bfdb9,1
27,a06eb357-f9de-11e9-8f3d-d43b041bfdb9,1
48,a06eb358-f9de-11e9-8f3d-d43b041bfdb9,0
38,a06eb359-f9de-11e9-8f3d-d43b041bfdb9,1
48,a06eb35a-f9de-11e9-8f3d-d43b041bfdb9,1
46,a06eb35b-f9de-11e9-8f3d-d43b041bfdb9,1
76,a06eb35c-f9de-11e9-8f3d-d43b041bfdb9,1
95,a06eb35d-f9de-11e9-8f3d-d43b041bfdb9,0
79,a06eb35e-f9de-11e9-8f3d-d43b041bfdb9,0
57,a06eb35f-f9de-11e9-8f3d-d43b041bfdb9,1
52,a06eb360-f9de-11e9-8f3d-d43b041bfdb9,0
77,a06eb361-f9de-11e9-8f3d-d43b041bfdb9,0
58,a06eb362-f9de-11e9-8f3d-d43b041bfdb9,1
62,a06eb363-f9de-11e9-8f3d-d43b041bfdb9,0
51,a06eb364-f9de-11e9-8f3d-d43b041bfdb9,1
31,a06eb365-f9de-11e9-8f3d-d43b041bfdb9,0
50,a06eb366-f9de-11e9-8f3d-d43b041bfdb9,0
54,a06eb367-f9de-11e9-8f3d-d43b041bfdb9,1
13,a06eb368-f9de-11e9-8f3d-d43b041bfdb9,0
30,a06eb369-f9de-11e9-8f3d-d43b041bfdb9,1
44,a06eb36a-f9de-11e9-8f3d-d43b041bfdb9,1
92,a06eb36b-f9de-11e9-8f3d-d43b041bfdb9,0
45,a06eb36c-f9de-11e9-8f3d-d43b041bfdb9,1
60,a06eb36d-f9de-11e9-8f3d-d43b041bfdb9,1
66,a06eb36e-f9de-11e9-8f3d-d43b041bfdb9,0
64,a06eb36f-f9de-11e9-8f3d-d43b041bfdb9,0
86,a06eb370-f9de-11e9-8f3d-d43b041bfdb9,1
42,a06eb371-f9de-11e9-8f3d-d43b041bfdb9,0
82,a06eb372-f9de-11e9-8f3d-d43b041bfdb9,0
87,a06eb373-f9de-11e9-8f3d-d43b041bfdb9,1
